state,county_parish,measure_id,start_date,end_date,hospitals_with_records,hospitals_with_comparable_scores,hospitals_without_comparable_scores,hospitals_above_state_benchmark,percent_above_state_benchmark
LA,E. BATON ROUGE,OP_18b,2024-10-01,2025-09-30,8,6,2,6,100
LA,JEFFERSON,OP_18b,2024-10-01,2025-09-30,5,4,1,4,100
LA,LAFAYETTE,OP_18b,2024-10-01,2025-09-30,5,3,2,3,100
LA,ORLEANS,OP_18b,2024-10-01,2025-09-30,5,3,2,3,100
LA,OUACHITA,OP_18b,2024-10-01,2025-09-30,4,3,1,3,100
AL,ETOWAH,OP_18b,2024-10-01,2025-09-30,2,2,0,2,100
AL,HOUSTON,OP_18b,2024-10-01,2025-09-30,2,2,0,2,100
AL,MADISON,OP_18b,2024-10-01,2025-09-30,2,2,0,2,100
LA,RAPIDES,OP_18b,2024-10-01,2025-09-30,4,2,2,2,100
LA,ST. TAMMANY,OP_18b,2024-10-01,2025-09-30,5,2,3,2,100
MS,DE SOTO,OP_18b,2024-10-01,2025-09-30,2,2,0,2,100
MS,LAUDERDALE,OP_18b,2024-10-01,2025-09-30,4,2,2,2,100
AL,AUTAUGA,OP_18b,2024-10-01,2025-09-30,1,1,0,1,100
AL,BARBOUR,OP_18b,2024-10-01,2025-09-30,1,1,0,1,100
AL,CALHOUN,OP_18b,2024-10-01,2025-09-30,1,1,0,1,100
AL,CHILTON,OP_18b,2024-10-01,2025-09-30,1,1,0,1,100
AL,CULLMAN,OP_18b,2024-10-01,2025-09-30,1,1,0,1,100
AL,DALLAS,OP_18b,2024-10-01,2025-09-30,1,1,0,1,100
AL,DE KALB,OP_18b,2024-10-01,2025-09-30,1,1,0,1,100
AL,JACKSON,OP_18b,2024-10-01,2025-09-30,1,1,0,1,100
AL,LEE,OP_18b,2024-10-01,2025-09-30,1,1,0,1,100
AL,LIMESTONE,OP_18b,2024-10-01,2025-09-30,1,1,0,1,100
AL,MORGAN,OP_18b,2024-10-01,2025-09-30,1,1,0,1,100
AL,SHELBY,OP_18b,2024-10-01,2025-09-30,1,1,0,1,100
AL,ST. CLAIR,OP_18b,2024-10-01,2025-09-30,1,1,0,1,100
AL,TUSCALOOSA,OP_18b,2024-10-01,2025-09-30,1,1,0,1,100
AL,WALKER,OP_18b,2024-10-01,2025-09-30,1,1,0,1,100
LA,BEAUREGARD,OP_18b,2024-10-01,2025-09-30,1,1,0,1,100
LA,FRANKLIN,OP_18b,2024-10-01,2025-09-30,1,1,0,1,100
LA,JACKSON,OP_18b,2024-10-01,2025-09-30,1,1,0,1,100
LA,LINCOLN,OP_18b,2024-10-01,2025-09-30,1,1,0,1,100
LA,NATCHITOCHES,OP_18b,2024-10-01,2025-09-30,1,1,0,1,100
LA,ST. BERNARD,OP_18b,2024-10-01,2025-09-30,1,1,0,1,100
LA,WEST CARROLL,OP_18b,2024-10-01,2025-09-30,1,1,0,1,100
MS,ADAMS,OP_18b,2024-10-01,2025-09-30,1,1,0,1,100
MS,ALCORN,OP_18b,2024-10-01,2025-09-30,1,1,0,1,100
MS,COAHOMA,OP_18b,2024-10-01,2025-09-30,1,1,0,1,100
MS,FORREST,OP_18b,2024-10-01,2025-09-30,1,1,0,1,100
MS,GEORGE,OP_18b,2024-10-01,2025-09-30,1,1,0,1,100
MS,HANCOCK,OP_18b,2024-10-01,2025-09-30,1,1,0,1,100
MS,JACKSON,OP_18b,2024-10-01,2025-09-30,1,1,0,1,100
MS,LAFAYETTE,OP_18b,2024-10-01,2025-09-30,1,1,0,1,100
MS,LAMAR,OP_18b,2024-10-01,2025-09-30,1,1,0,1,100
MS,LEE,OP_18b,2024-10-01,2025-09-30,1,1,0,1,100
MS,LEFLORE,OP_18b,2024-10-01,2025-09-30,1,1,0,1,100
MS,LINCOLN,OP_18b,2024-10-01,2025-09-30,1,1,0,1,100
MS,LOWNDES,OP_18b,2024-10-01,2025-09-30,1,1,0,1,100
MS,MADISON,OP_18b,2024-10-01,2025-09-30,1,1,0,1,100
MS,MONROE,OP_18b,2024-10-01,2025-09-30,2,1,1,1,100
MS,OKTIBBEHA,OP_18b,2024-10-01,2025-09-30,1,1,0,1,100
MS,UNION,OP_18b,2024-10-01,2025-09-30,1,1,0,1,100
MS,WASHINGTON,OP_18b,2024-10-01,2025-09-30,1,1,0,1,100
MS,WAYNE,OP_18b,2024-10-01,2025-09-30,1,1,0,1,100
AL,JEFFERSON,OP_18b,2024-10-01,2025-09-30,8,7,1,6,85.7
AL,MOBILE,OP_18b,2024-10-01,2025-09-30,5,4,1,3,75
LA,CADDO,OP_18b,2024-10-01,2025-09-30,6,4,2,3,75
MS,HARRISON,OP_18b,2024-10-01,2025-09-30,4,4,0,3,75
MS,HINDS,OP_18b,2024-10-01,2025-09-30,5,4,1,3,75
AL,BALDWIN,OP_18b,2024-10-01,2025-09-30,3,3,0,2,66.7
AL,MONTGOMERY,OP_18b,2024-10-01,2025-09-30,3,3,0,2,66.7
LA,CALCASIEU,OP_18b,2024-10-01,2025-09-30,5,5,0,3,60
AL,CLARKE,OP_18b,2024-10-01,2025-09-30,2,2,0,1,50
AL,COLBERT,OP_18b,2024-10-01,2025-09-30,2,2,0,1,50
AL,COVINGTON,OP_18b,2024-10-01,2025-09-30,2,2,0,1,50
AL,ESCAMBIA,OP_18b,2024-10-01,2025-09-30,2,2,0,1,50
LA,EVANGELINE,OP_18b,2024-10-01,2025-09-30,2,2,0,1,50
LA,LASALLE,OP_18b,2024-10-01,2025-09-30,2,2,0,1,50
LA,RICHLAND,OP_18b,2024-10-01,2025-09-30,2,2,0,1,50
LA,TERREBONNE,OP_18b,2024-10-01,2025-09-30,3,2,1,1,50
LA,WASHINGTON,OP_18b,2024-10-01,2025-09-30,2,2,0,1,50
MS,RANKIN,OP_18b,2024-10-01,2025-09-30,4,2,2,1,50
LA,LAFOURCHE,OP_18b,2024-10-01,2025-09-30,3,3,0,1,33.3
LA,TANGIPAHOA,OP_18b,2024-10-01,2025-09-30,4,3,1,1,33.3
MS,NESHOBA,OP_18b,2024-10-01,2025-09-30,4,3,1,0,0
AL,ELMORE,OP_18b,2024-10-01,2025-09-30,2,2,0,0,0
AL,FAYETTE,OP_18b,2024-10-01,2025-09-30,2,2,0,0,0
AL,FRANKLIN,OP_18b,2024-10-01,2025-09-30,2,2,0,0,0
AL,GENEVA,OP_18b,2024-10-01,2025-09-30,2,2,0,0,0
AL,TALLADEGA,OP_18b,2024-10-01,2025-09-30,2,2,0,0,0
AL,TALLAPOOSA,OP_18b,2024-10-01,2025-09-30,2,2,0,0,0
LA,ALLEN,OP_18b,2024-10-01,2025-09-30,2,2,0,0,0
LA,AVOYELLES,OP_18b,2024-10-01,2025-09-30,2,2,0,0,0
LA,ST. LANDRY,OP_18b,2024-10-01,2025-09-30,2,2,0,0,0
LA,ST. MARY,OP_18b,2024-10-01,2025-09-30,2,2,0,0,0
LA,UNION,OP_18b,2024-10-01,2025-09-30,2,2,0,0,0
LA,VERMILION,OP_18b,2024-10-01,2025-09-30,2,2,0,0,0
LA,VERNON,OP_18b,2024-10-01,2025-09-30,2,2,0,0,0
LA,WEBSTER,OP_18b,2024-10-01,2025-09-30,2,2,0,0,0
MS,SCOTT,OP_18b,2024-10-01,2025-09-30,2,2,0,0,0
MS,SIMPSON,OP_18b,2024-10-01,2025-09-30,2,2,0,0,0
AL,BIBB,OP_18b,2024-10-01,2025-09-30,1,1,0,0,0
AL,BLOUNT,OP_18b,2024-10-01,2025-09-30,1,1,0,0,0
AL,BUTLER,OP_18b,2024-10-01,2025-09-30,1,1,0,0,0
AL,CHEROKEE,OP_18b,2024-10-01,2025-09-30,1,1,0,0,0
AL,CHOCTAW,OP_18b,2024-10-01,2025-09-30,1,1,0,0,0
AL,CLAY,OP_18b,2024-10-01,2025-09-30,1,1,0,0,0
AL,COFFEE,OP_18b,2024-10-01,2025-09-30,1,1,0,0,0
AL,CONECUH,OP_18b,2024-10-01,2025-09-30,1,1,0,0,0
AL,CRENSHAW,OP_18b,2024-10-01,2025-09-30,1,1,0,0,0
AL,DALE,OP_18b,2024-10-01,2025-09-30,1,1,0,0,0
AL,GREENE,OP_18b,2024-10-01,2025-09-30,1,1,0,0,0
AL,HALE,OP_18b,2024-10-01,2025-09-30,1,1,0,0,0
AL,LAUDERDALE,OP_18b,2024-10-01,2025-09-30,1,1,0,0,0
AL,MARENGO,OP_18b,2024-10-01,2025-09-30,1,1,0,0,0
AL,MARION,OP_18b,2024-10-01,2025-09-30,1,1,0,0,0
AL,MARSHALL,OP_18b,2024-10-01,2025-09-30,1,1,0,0,0
AL,PIKE,OP_18b,2024-10-01,2025-09-30,1,1,0,0,0
AL,RANDOLPH,OP_18b,2024-10-01,2025-09-30,1,1,0,0,0
AL,RUSSELL,OP_18b,2024-10-01,2025-09-30,1,1,0,0,0
AL,SUMTER,OP_18b,2024-10-01,2025-09-30,1,1,0,0,0
AL,WINSTON,OP_18b,2024-10-01,2025-09-30,2,1,1,0,0
LA,ACADIA,OP_18b,2024-10-01,2025-09-30,2,1,1,0,0
LA,BIENVILLE,OP_18b,2024-10-01,2025-09-30,1,1,0,0,0
LA,CALDWELL,OP_18b,2024-10-01,2025-09-30,2,1,1,0,0
LA,CLAIBORNE,OP_18b,2024-10-01,2025-09-30,1,1,0,0,0
LA,DE SOTO,OP_18b,2024-10-01,2025-09-30,1,1,0,0,0
LA,EAST CARROLL,OP_18b,2024-10-01,2025-09-30,1,1,0,0,0
LA,IBERIA,OP_18b,2024-10-01,2025-09-30,1,1,0,0,0
LA,JEFFRSON DAVIS,OP_18b,2024-10-01,2025-09-30,1,1,0,0,0
LA,MADISON,OP_18b,2024-10-01,2025-09-30,1,1,0,0,0
LA,MOREHOUSE,OP_18b,2024-10-01,2025-09-30,1,1,0,0,0
LA,POINTE COUPEE,OP_18b,2024-10-01,2025-09-30,1,1,0,0,0
LA,SABINE,OP_18b,2024-10-01,2025-09-30,1,1,0,0,0
LA,ST. CHARLES,OP_18b,2024-10-01,2025-09-30,1,1,0,0,0
LA,ST. HELENA,OP_18b,2024-10-01,2025-09-30,1,1,0,0,0
LA,ST. JAMES,OP_18b,2024-10-01,2025-09-30,1,1,0,0,0
LA,ST. MARTIN,OP_18b,2024-10-01,2025-09-30,1,1,0,0,0
LA,WEST FELICIANA,OP_18b,2024-10-01,2025-09-30,1,1,0,0,0
LA,WINN,OP_18b,2024-10-01,2025-09-30,1,1,0,0,0
MS,ATTALA,OP_18b,2024-10-01,2025-09-30,1,1,0,0,0
MS,BOLIVAR,OP_18b,2024-10-01,2025-09-30,1,1,0,0,0
MS,CALHOUN,OP_18b,2024-10-01,2025-09-30,1,1,0,0,0
MS,CHOCTAW,OP_18b,2024-10-01,2025-09-30,1,1,0,0,0
MS,CLARKE,OP_18b,2024-10-01,2025-09-30,1,1,0,0,0
MS,CLAY,OP_18b,2024-10-01,2025-09-30,1,1,0,0,0
MS,COVINGTON,OP_18b,2024-10-01,2025-09-30,1,1,0,0,0
MS,FRANKLIN,OP_18b,2024-10-01,2025-09-30,1,1,0,0,0
MS,GRENADA,OP_18b,2024-10-01,2025-09-30,1,1,0,0,0
MS,HOLMES,OP_18b,2024-10-01,2025-09-30,1,1,0,0,0
MS,JONES,OP_18b,2024-10-01,2025-09-30,1,1,0,0,0
MS,KEMPER,OP_18b,2024-10-01,2025-09-30,1,1,0,0,0
MS,LEAKE,OP_18b,2024-10-01,2025-09-30,1,1,0,0,0
MS,MARION,OP_18b,2024-10-01,2025-09-30,1,1,0,0,0
MS,MONTGOMERY,OP_18b,2024-10-01,2025-09-30,1,1,0,0,0
MS,PEARL RIVER,OP_18b,2024-10-01,2025-09-30,2,1,1,0,0
MS,PIKE,OP_18b,2024-10-01,2025-09-30,2,1,1,0,0
MS,PONTOTOC,OP_18b,2024-10-01,2025-09-30,1,1,0,0,0
MS,PRENTISS,OP_18b,2024-10-01,2025-09-30,1,1,0,0,0
MS,TALLAHATCHIE,OP_18b,2024-10-01,2025-09-30,1,1,0,0,0
MS,TATE,OP_18b,2024-10-01,2025-09-30,1,1,0,0,0
MS,TIPPAH,OP_18b,2024-10-01,2025-09-30,1,1,0,0,0
MS,TISHOMINGO,OP_18b,2024-10-01,2025-09-30,1,1,0,0,0
MS,WARREN,OP_18b,2024-10-01,2025-09-30,1,1,0,0,0
MS,WEBSTER,OP_18b,2024-10-01,2025-09-30,1,1,0,0,0
MS,WILKINSON,OP_18b,2024-10-01,2025-09-30,1,1,0,0,0
MS,WINSTON,OP_18b,2024-10-01,2025-09-30,1,1,0,0,0
MS,YAZOO,OP_18b,2024-10-01,2025-09-30,1,1,0,0,0
AL,BULLOCK,OP_18b,2024-10-01,2025-09-30,2,0,2,0,
AL,CHAMBERS,OP_18b,2024-10-01,2025-09-30,1,0,1,0,
AL,WASHINGTON,OP_18b,2024-10-01,2025-09-30,1,0,1,0,
AL,WILCOX,OP_18b,2024-10-01,2025-09-30,1,0,1,0,
LA,ASCENSION,OP_18b,2024-10-01,2025-09-30,1,0,1,0,
LA,ASSUMPTION,OP_18b,2024-10-01,2025-09-30,1,0,1,0,
LA,CONCORDIA,OP_18b,2024-10-01,2025-09-30,1,0,1,0,
LA,RED RIVER,OP_18b,2024-10-01,2025-09-30,1,0,1,0,
MS,CHICKASAW,OP_18b,2024-10-01,2025-09-30,2,0,2,0,
MS,CLAIBORNE,OP_18b,2024-10-01,2025-09-30,1,0,1,0,
MS,COPIAH,OP_18b,2024-10-01,2025-09-30,1,0,1,0,
MS,GREENE,OP_18b,2024-10-01,2025-09-30,2,0,2,0,
MS,JASPER,OP_18b,2024-10-01,2025-09-30,1,0,1,0,
MS,JEFFERSON,OP_18b,2024-10-01,2025-09-30,1,0,1,0,
MS,JEFFERSON DAVIS,OP_18b,2024-10-01,2025-09-30,1,0,1,0,
MS,LAWRENCE,OP_18b,2024-10-01,2025-09-30,1,0,1,0,
MS,MARSHALL,OP_18b,2024-10-01,2025-09-30,1,0,1,0,
MS,NOXUBEE,OP_18b,2024-10-01,2025-09-30,1,0,1,0,
MS,PANOLA,OP_18b,2024-10-01,2025-09-30,1,0,1,0,
MS,QUITMAN,OP_18b,2024-10-01,2025-09-30,1,0,1,0,
MS,SHARKEY,OP_18b,2024-10-01,2025-09-30,1,0,1,0,
MS,SMITH,OP_18b,2024-10-01,2025-09-30,1,0,1,0,
MS,SUNFLOWER,OP_18b,2024-10-01,2025-09-30,2,0,2,0,
MS,WALTHALL,OP_18b,2024-10-01,2025-09-30,1,0,1,0,
MS,YALOBUSHA,OP_18b,2024-10-01,2025-09-30,1,0,1,0,
AL,ESCAMBIA,OP_22,2024-01-01,2024-12-31,2,2,0,2,100
AL,FAYETTE,OP_22,2024-01-01,2024-12-31,2,2,0,2,100
AL,HOUSTON,OP_22,2024-01-01,2024-12-31,2,2,0,2,100
AL,AUTAUGA,OP_22,2024-01-01,2024-12-31,1,1,0,1,100
AL,BARBOUR,OP_22,2024-01-01,2024-12-31,1,1,0,1,100
AL,BIBB,OP_22,2024-01-01,2024-12-31,1,1,0,1,100
AL,CALHOUN,OP_22,2024-01-01,2024-12-31,1,1,0,1,100
AL,GENEVA,OP_22,2024-01-01,2024-12-31,2,1,1,1,100
AL,HALE,OP_22,2024-01-01,2024-12-31,1,1,0,1,100
AL,JACKSON,OP_22,2024-01-01,2024-12-31,1,1,0,1,100
AL,LEE,OP_22,2024-01-01,2024-12-31,1,1,0,1,100
AL,MARSHALL,OP_22,2024-01-01,2024-12-31,1,1,0,1,100
AL,TUSCALOOSA,OP_22,2024-01-01,2024-12-31,1,1,0,1,100
AL,WALKER,OP_22,2024-01-01,2024-12-31,1,1,0,1,100
LA,FRANKLIN,OP_22,2024-01-01,2024-12-31,1,1,0,1,100
LA,NATCHITOCHES,OP_22,2024-01-01,2024-12-31,1,1,0,1,100
MS,GEORGE,OP_22,2024-01-01,2024-12-31,1,1,0,1,100
MS,JACKSON,OP_22,2024-01-01,2024-12-31,1,1,0,1,100
MS,LEFLORE,OP_22,2024-01-01,2024-12-31,1,1,0,1,100
MS,SUNFLOWER,OP_22,2024-01-01,2024-12-31,2,1,1,1,100
MS,WASHINGTON,OP_22,2024-01-01,2024-12-31,1,1,0,1,100
MS,WAYNE,OP_22,2024-01-01,2024-12-31,1,1,0,1,100
AL,BALDWIN,OP_22,2024-01-01,2024-12-31,3,3,0,2,66.7
LA,TANGIPAHOA,OP_22,2024-01-01,2024-12-31,4,3,1,2,66.7
AL,MOBILE,OP_22,2024-01-01,2024-12-31,5,4,1,2,50
MS,HINDS,OP_22,2024-01-01,2024-12-31,5,4,1,2,50
AL,CLARKE,OP_22,2024-01-01,2024-12-31,2,2,0,1,50
AL,COLBERT,OP_22,2024-01-01,2024-12-31,2,2,0,1,50
AL,COVINGTON,OP_22,2024-01-01,2024-12-31,2,2,0,1,50
AL,ELMORE,OP_22,2024-01-01,2024-12-31,2,2,0,1,50
LA,EVANGELINE,OP_22,2024-01-01,2024-12-31,2,2,0,1,50
LA,TERREBONNE,OP_22,2024-01-01,2024-12-31,3,2,1,1,50
LA,WEBSTER,OP_22,2024-01-01,2024-12-31,2,2,0,1,50
MS,DE SOTO,OP_22,2024-01-01,2024-12-31,2,2,0,1,50
MS,LAUDERDALE,OP_22,2024-01-01,2024-12-31,4,2,2,1,50
AL,MONTGOMERY,OP_22,2024-01-01,2024-12-31,3,3,0,1,33.3
LA,LAFOURCHE,OP_22,2024-01-01,2024-12-31,3,3,0,1,33.3
LA,ORLEANS,OP_22,2024-01-01,2024-12-31,5,3,2,1,33.3
LA,OUACHITA,OP_22,2024-01-01,2024-12-31,4,3,1,1,33.3
LA,CADDO,OP_22,2024-01-01,2024-12-31,6,4,2,1,25
LA,JEFFERSON,OP_22,2024-01-01,2024-12-31,5,4,1,1,25
MS,HARRISON,OP_22,2024-01-01,2024-12-31,4,4,0,1,25
LA,E. BATON ROUGE,OP_22,2024-01-01,2024-12-31,8,6,2,1,16.7
AL,JEFFERSON,OP_22,2024-01-01,2024-12-31,8,5,3,0,0
LA,CALCASIEU,OP_22,2024-01-01,2024-12-31,5,5,0,0,0
LA,LAFAYETTE,OP_22,2024-01-01,2024-12-31,5,3,2,0,0
MS,NESHOBA,OP_22,2024-01-01,2024-12-31,4,3,1,0,0
AL,ETOWAH,OP_22,2024-01-01,2024-12-31,2,2,0,0,0
AL,FRANKLIN,OP_22,2024-01-01,2024-12-31,2,2,0,0,0
AL,MADISON,OP_22,2024-01-01,2024-12-31,2,2,0,0,0
AL,TALLADEGA,OP_22,2024-01-01,2024-12-31,2,2,0,0,0
AL,TALLAPOOSA,OP_22,2024-01-01,2024-12-31,2,2,0,0,0
LA,ALLEN,OP_22,2024-01-01,2024-12-31,2,2,0,0,0
LA,AVOYELLES,OP_22,2024-01-01,2024-12-31,2,2,0,0,0
LA,LASALLE,OP_22,2024-01-01,2024-12-31,2,2,0,0,0
LA,RAPIDES,OP_22,2024-01-01,2024-12-31,4,2,2,0,0
LA,RICHLAND,OP_22,2024-01-01,2024-12-31,2,2,0,0,0
LA,ST. LANDRY,OP_22,2024-01-01,2024-12-31,2,2,0,0,0
LA,ST. MARY,OP_22,2024-01-01,2024-12-31,2,2,0,0,0
LA,ST. TAMMANY,OP_22,2024-01-01,2024-12-31,5,2,3,0,0
LA,UNION,OP_22,2024-01-01,2024-12-31,2,2,0,0,0
LA,VERMILION,OP_22,2024-01-01,2024-12-31,2,2,0,0,0
LA,VERNON,OP_22,2024-01-01,2024-12-31,2,2,0,0,0
MS,RANKIN,OP_22,2024-01-01,2024-12-31,4,2,2,0,0
MS,SCOTT,OP_22,2024-01-01,2024-12-31,2,2,0,0,0
MS,SIMPSON,OP_22,2024-01-01,2024-12-31,2,2,0,0,0
AL,BLOUNT,OP_22,2024-01-01,2024-12-31,1,1,0,0,0
AL,BUTLER,OP_22,2024-01-01,2024-12-31,1,1,0,0,0
AL,CHEROKEE,OP_22,2024-01-01,2024-12-31,1,1,0,0,0
AL,CHOCTAW,OP_22,2024-01-01,2024-12-31,1,1,0,0,0
AL,CLAY,OP_22,2024-01-01,2024-12-31,1,1,0,0,0
AL,COFFEE,OP_22,2024-01-01,2024-12-31,1,1,0,0,0
AL,CONECUH,OP_22,2024-01-01,2024-12-31,1,1,0,0,0
AL,CULLMAN,OP_22,2024-01-01,2024-12-31,1,1,0,0,0
AL,DALE,OP_22,2024-01-01,2024-12-31,1,1,0,0,0
AL,DALLAS,OP_22,2024-01-01,2024-12-31,1,1,0,0,0
AL,DE KALB,OP_22,2024-01-01,2024-12-31,1,1,0,0,0
AL,GREENE,OP_22,2024-01-01,2024-12-31,1,1,0,0,0
AL,LAUDERDALE,OP_22,2024-01-01,2024-12-31,1,1,0,0,0
AL,LIMESTONE,OP_22,2024-01-01,2024-12-31,1,1,0,0,0
AL,MARENGO,OP_22,2024-01-01,2024-12-31,1,1,0,0,0
AL,MARION,OP_22,2024-01-01,2024-12-31,1,1,0,0,0
AL,MORGAN,OP_22,2024-01-01,2024-12-31,1,1,0,0,0
AL,PIKE,OP_22,2024-01-01,2024-12-31,1,1,0,0,0
AL,RANDOLPH,OP_22,2024-01-01,2024-12-31,1,1,0,0,0
AL,RUSSELL,OP_22,2024-01-01,2024-12-31,1,1,0,0,0
AL,SHELBY,OP_22,2024-01-01,2024-12-31,1,1,0,0,0
AL,SUMTER,OP_22,2024-01-01,2024-12-31,1,1,0,0,0
AL,WINSTON,OP_22,2024-01-01,2024-12-31,2,1,1,0,0
LA,ACADIA,OP_22,2024-01-01,2024-12-31,2,1,1,0,0
LA,ASCENSION,OP_22,2024-01-01,2024-12-31,1,1,0,0,0
LA,BEAUREGARD,OP_22,2024-01-01,2024-12-31,1,1,0,0,0
LA,CALDWELL,OP_22,2024-01-01,2024-12-31,2,1,1,0,0
LA,CLAIBORNE,OP_22,2024-01-01,2024-12-31,1,1,0,0,0
LA,DE SOTO,OP_22,2024-01-01,2024-12-31,1,1,0,0,0
LA,EAST CARROLL,OP_22,2024-01-01,2024-12-31,1,1,0,0,0
LA,IBERIA,OP_22,2024-01-01,2024-12-31,1,1,0,0,0
LA,JACKSON,OP_22,2024-01-01,2024-12-31,1,1,0,0,0
LA,JEFFRSON DAVIS,OP_22,2024-01-01,2024-12-31,1,1,0,0,0
LA,LINCOLN,OP_22,2024-01-01,2024-12-31,1,1,0,0,0
LA,MADISON,OP_22,2024-01-01,2024-12-31,1,1,0,0,0
LA,MOREHOUSE,OP_22,2024-01-01,2024-12-31,1,1,0,0,0
LA,POINTE COUPEE,OP_22,2024-01-01,2024-12-31,1,1,0,0,0
LA,SABINE,OP_22,2024-01-01,2024-12-31,1,1,0,0,0
LA,ST. BERNARD,OP_22,2024-01-01,2024-12-31,1,1,0,0,0
LA,ST. CHARLES,OP_22,2024-01-01,2024-12-31,1,1,0,0,0
LA,ST. HELENA,OP_22,2024-01-01,2024-12-31,1,1,0,0,0
LA,ST. JAMES,OP_22,2024-01-01,2024-12-31,1,1,0,0,0
LA,ST. MARTIN,OP_22,2024-01-01,2024-12-31,1,1,0,0,0
LA,WASHINGTON,OP_22,2024-01-01,2024-12-31,2,1,1,0,0
LA,WEST CARROLL,OP_22,2024-01-01,2024-12-31,1,1,0,0,0
LA,WEST FELICIANA,OP_22,2024-01-01,2024-12-31,1,1,0,0,0
LA,WINN,OP_22,2024-01-01,2024-12-31,1,1,0,0,0
MS,ADAMS,OP_22,2024-01-01,2024-12-31,1,1,0,0,0
MS,ALCORN,OP_22,2024-01-01,2024-12-31,1,1,0,0,0
MS,ATTALA,OP_22,2024-01-01,2024-12-31,1,1,0,0,0
MS,BOLIVAR,OP_22,2024-01-01,2024-12-31,1,1,0,0,0
MS,CALHOUN,OP_22,2024-01-01,2024-12-31,1,1,0,0,0
MS,CHOCTAW,OP_22,2024-01-01,2024-12-31,1,1,0,0,0
MS,CLARKE,OP_22,2024-01-01,2024-12-31,1,1,0,0,0
MS,CLAY,OP_22,2024-01-01,2024-12-31,1,1,0,0,0
MS,COAHOMA,OP_22,2024-01-01,2024-12-31,1,1,0,0,0
MS,FORREST,OP_22,2024-01-01,2024-12-31,1,1,0,0,0
MS,GRENADA,OP_22,2024-01-01,2024-12-31,1,1,0,0,0
MS,HANCOCK,OP_22,2024-01-01,2024-12-31,1,1,0,0,0
MS,HOLMES,OP_22,2024-01-01,2024-12-31,1,1,0,0,0
MS,JEFFERSON DAVIS,OP_22,2024-01-01,2024-12-31,1,1,0,0,0
MS,JONES,OP_22,2024-01-01,2024-12-31,1,1,0,0,0
MS,KEMPER,OP_22,2024-01-01,2024-12-31,1,1,0,0,0
MS,LAFAYETTE,OP_22,2024-01-01,2024-12-31,1,1,0,0,0
MS,LAMAR,OP_22,2024-01-01,2024-12-31,1,1,0,0,0
MS,LEAKE,OP_22,2024-01-01,2024-12-31,1,1,0,0,0
MS,LEE,OP_22,2024-01-01,2024-12-31,1,1,0,0,0
MS,LINCOLN,OP_22,2024-01-01,2024-12-31,1,1,0,0,0
MS,LOWNDES,OP_22,2024-01-01,2024-12-31,1,1,0,0,0
MS,MADISON,OP_22,2024-01-01,2024-12-31,1,1,0,0,0
MS,MARION,OP_22,2024-01-01,2024-12-31,1,1,0,0,0
MS,MONROE,OP_22,2024-01-01,2024-12-31,2,1,1,0,0
MS,MONTGOMERY,OP_22,2024-01-01,2024-12-31,1,1,0,0,0
MS,OKTIBBEHA,OP_22,2024-01-01,2024-12-31,1,1,0,0,0
MS,PEARL RIVER,OP_22,2024-01-01,2024-12-31,2,1,1,0,0
MS,PIKE,OP_22,2024-01-01,2024-12-31,2,1,1,0,0
MS,PONTOTOC,OP_22,2024-01-01,2024-12-31,1,1,0,0,0
MS,PRENTISS,OP_22,2024-01-01,2024-12-31,1,1,0,0,0
MS,TATE,OP_22,2024-01-01,2024-12-31,1,1,0,0,0
MS,TIPPAH,OP_22,2024-01-01,2024-12-31,1,1,0,0,0
MS,TISHOMINGO,OP_22,2024-01-01,2024-12-31,1,1,0,0,0
MS,UNION,OP_22,2024-01-01,2024-12-31,1,1,0,0,0
MS,WARREN,OP_22,2024-01-01,2024-12-31,1,1,0,0,0
MS,WEBSTER,OP_22,2024-01-01,2024-12-31,1,1,0,0,0
MS,WINSTON,OP_22,2024-01-01,2024-12-31,1,1,0,0,0
MS,YAZOO,OP_22,2024-01-01,2024-12-31,1,1,0,0,0
AL,BULLOCK,OP_22,2024-01-01,2024-12-31,2,0,2,0,
AL,CHAMBERS,OP_22,2024-01-01,2024-12-31,1,0,1,0,
AL,CHILTON,OP_22,2024-01-01,2024-12-31,1,0,1,0,
AL,CRENSHAW,OP_22,2024-01-01,2024-12-31,1,0,1,0,
AL,ST. CLAIR,OP_22,2024-01-01,2024-12-31,1,0,1,0,
AL,WASHINGTON,OP_22,2024-01-01,2024-12-31,1,0,1,0,
AL,WILCOX,OP_22,2024-01-01,2024-12-31,1,0,1,0,
LA,ASSUMPTION,OP_22,2024-01-01,2024-12-31,1,0,1,0,
LA,BIENVILLE,OP_22,2024-01-01,2024-12-31,1,0,1,0,
LA,CONCORDIA,OP_22,2024-01-01,2024-12-31,1,0,1,0,
LA,RED RIVER,OP_22,2024-01-01,2024-12-31,1,0,1,0,
MS,CHICKASAW,OP_22,2024-01-01,2024-12-31,2,0,2,0,
MS,CLAIBORNE,OP_22,2024-01-01,2024-12-31,1,0,1,0,
MS,COPIAH,OP_22,2024-01-01,2024-12-31,1,0,1,0,
MS,COVINGTON,OP_22,2024-01-01,2024-12-31,1,0,1,0,
MS,FRANKLIN,OP_22,2024-01-01,2024-12-31,1,0,1,0,
MS,GREENE,OP_22,2024-01-01,2024-12-31,2,0,2,0,
MS,JASPER,OP_22,2024-01-01,2024-12-31,1,0,1,0,
MS,JEFFERSON,OP_22,2024-01-01,2024-12-31,1,0,1,0,
MS,LAWRENCE,OP_22,2024-01-01,2024-12-31,1,0,1,0,
MS,MARSHALL,OP_22,2024-01-01,2024-12-31,1,0,1,0,
MS,NOXUBEE,OP_22,2024-01-01,2024-12-31,1,0,1,0,
MS,PANOLA,OP_22,2024-01-01,2024-12-31,1,0,1,0,
MS,QUITMAN,OP_22,2024-01-01,2024-12-31,1,0,1,0,
MS,SHARKEY,OP_22,2024-01-01,2024-12-31,1,0,1,0,
MS,SMITH,OP_22,2024-01-01,2024-12-31,1,0,1,0,
MS,TALLAHATCHIE,OP_22,2024-01-01,2024-12-31,1,0,1,0,
MS,WALTHALL,OP_22,2024-01-01,2024-12-31,1,0,1,0,
MS,WILKINSON,OP_22,2024-01-01,2024-12-31,1,0,1,0,
MS,YALOBUSHA,OP_22,2024-01-01,2024-12-31,1,0,1,0,
